Student_Name,Student_Age,Total_Marks,new_marks
Aarav,20.0,78.0,7.8
Sita,19.0,85.0,8.5
Ramesh,21.0,62.0,6.2
Gita,20.0,55.0,5.5
Hari,22.0,90.0,9.0
Nabin,21.0,45.0,4.5
Pooja,20.0,72.0,7.2
Kiran,19.0,68.0,6.8
Maya,21.0,68.94117647058823,6.894117647058823
Suman,20.0,88.0,8.8
Bikash,22.0,34.0,3.4
Anita,19.0,95.0,9.5
Rita,20.41176470588235,81.0,8.1
Deepak,21.0,110.0,11.0
Sarita,20.0,59.0,5.9
Prakash,23.0,65.0,6.5
Sunita,19.0,70.0,7.0
